{
    "_vcs_DPI_package": [
        "_vcs_DPI_package",
        "uM9F1",
        "module",
        1
    ],
    "vcs_paramclassrepository": [
        "vcs_paramclassrepository",
        "hEeZs",
        "module",
        2
    ],
    "_vcs_unit__3051200291": [
        "_vcs_unit__3051200291",
        "hDqWJ",
        "module",
        3
    ],
    "std": [
        "std",
        "reYIK",
        "module",
        4
    ],
    "uvm_pkg": [
        "uvm_pkg",
        "zr7M1",
        "module",
        5
    ],
    "top_fifo": [
        "top_fifo",
        "Ykp5e",
        "module",
        6
    ],
    "mem_if": [
        "mem_if",
        "CVSsc",
        "module",
        7
    ],
    "tbench_top": [
        "tbench_top",
        "Mk7In",
        "module",
        8
    ],
    "...MASTER...": [
        "SIM",
        "amcQw",
        "module",
        9
    ]
}